x_res,y_res,f_res
0.0,0.0,41.0
0.00018373264662462625,8.13363233477979e-05,41.0
0.0003674650275618266,0.0001626727391398645,41.0
0.0005511971482337932,0.00024400924548958206,41.0
0.0007349290140627185,0.0003253458405103328,41.0
0.0009186606304707948,0.0004066825223154992,41.0
0.001102392002880215,0.00048801928901846315,41.0
0.0012861231367131702,0.0005693561387326072,41.0
0.0014698540373918542,0.0006506930695713137,41.0
0.0016535847103384582,0.0007320300796479646,41.0
0.001837315160975176,0.0008133671670759427,41.0
0.002021045394724198,0.0008947043299686295,41.0
0.0022047754170077187,0.000976041566439408,41.0
0.002388505233247929,0.00105737887460166,41.0
0.002572234848867022,0.0011387162525687683,41.0
0.0027559642692871885,0.0012200536984541142,41.0
0.002939693499930624,0.0013013912103710813,41.0
0.0031234225462195182,0.0013827287864330508,41.0
0.003307151413576064,0.0014640664247534052,41.0
0.0034908801074224533,0.001545404123445527,41.0
0.0036746086331808808,0.001626741880622799,41.0
0.0038583369962735363,0.001708079694398602,41.0
0.004042065202122614,0.001789417562886319,41.0
0.004225793256150304,0.0018707554841993332,41.0
0.004409521163778801,0.0019520934564510254,41.0
0.004593248930430296,0.002033431477754779,41.0
0.0047769765615269825,0.002114769546223976,41.0
0.004960704062491051,0.0021961076599719977,41.0
0.0051444314387446965,0.0022774458171122276,41.0
0.00532815869571011,0.0023587840157580477,41.0
0.0055118858388094796,0.002440122254022839,41.0
0.005695612873465007,0.002521460530019986,41.0
0.0058793398050988755,0.0026027988418628693,41.0
0.006063066639133286,0.0026841371876648724,41.0
0.006246793380990423,0.0027654755655393765,41.0
0.006430520036092483,0.002846813973599764,41.0
0.006614246609861657,0.0029281524099594174,41.0
0.006797973107720136,0.003009490872731719,41.0
0.006981699535090117,0.0030908293600300516,41.0
0.007165425897393789,0.003172167869967796,41.0
0.007349152200053346,0.0032535064006583366,41.0
0.0075328784484909785,0.003334844950215054,41.0
0.007716604648128879,0.0034161835167513307,41.0
0.00790033080438924,0.0034975220983805497,41.0
0.008084056922694255,0.003578860693216092,41.0
0.008267783008466116,0.003660199299371341,41.0
0.008451509067127015,0.003741537914959679,41.0
0.008635235104099146,0.0038228765380944876,41.0
0.008818961124804698,0.0039042151668891496,41.0
0.009002687134665868,0.003985553799457047,41.0
0.009186413139104843,0.004066892433911562,41.0
0.009370139143543819,0.004148231068366077,41.0
0.009553865153404985,0.004229569700933974,41.0
0.009737591174110539,0.004310908329728636,41.0
0.00992131721108267,0.004392246952863446,41.0
0.010105043269743569,0.0044735855684517834,41.0
0.01028876935551543,0.004554924174607032,41.0
0.010472495473820446,0.004636262769442575,41.0
0.010656221630080807,0.004717601351071795,41.0
0.01083994782971871,0.0047989399176080715,41.0
0.011023674078156338,0.004880278467164787,41.0
0.011207400380815892,0.0049616169978553264,41.0
0.011391126743119567,0.005042955507793073,41.0
0.011574853170489547,0.005124293995091405,41.0
0.01175857966834803,0.005205632457863707,41.0
0.011942306242117203,0.005286970894223361,41.0
0.012126032897219263,0.005368309302283749,41.0
0.012309759639076401,0.005449647680158253,41.0
0.012493486473110809,0.005530986025960255,41.0
0.01267721340474468,0.005612324337803138,41.0
0.012860940439400205,0.005693662613800284,41.0
0.013044667582499577,0.005775000852065077,41.0
0.013228394839464992,0.005856339050710898,41.0
0.013412122215718632,0.005937677207851126,41.0
0.013595849716682701,0.0060190153215991474,41.0
0.013779577347779388,0.006100353390068346,41.0
0.013963305114430885,0.006181691411372098,41.0
0.014147033022059382,0.006263029383623791,41.0
0.014330761076087072,0.006344367304936805,41.0
0.014514489281936148,0.006425705173424523,41.0
0.014698217645028804,0.006507042987200325,41.0
0.014881946170787233,0.006588380744377597,41.0
0.01506567486463362,0.006669718443069718,41.0
0.015249403731990168,0.006751056081390074,41.0
0.015433132778279063,0.006832393657452043,41.0
0.015616862008922497,0.0069137311693690095,41.0
0.015800591429342665,0.006995068615254356,41.0
0.01598432104496176,0.007076405993221464,41.0
0.016168050861201967,0.007157743301383715,41.0
0.016351780883485482,0.007239080537854494,41.0
0.016535511117234506,0.00732041770074718,41.0
0.016719241567871225,0.00740175478817516,41.0
0.01690297224081783,0.00748309179825181,41.0
0.01708670314149651,0.007564428729090515,41.0
0.017270434275329472,0.007645765578804661,41.0
0.01745416564773889,0.007727102345507625,41.0
0.017637897264146968,0.00780843902731279,41.0
0.017821629129975893,0.007889775622333542,41.0
0.018005361250647854,0.007971112128683257,41.0
0.01818909363158506,0.008052448544475324,41.0
0.018372826278209686,0.008133784867823124,41.0
0.018556559190521738,0.008215121098730379,41.0
0.018740292346832447,0.008296457244762186,41.0
0.01892402572003085,0.00837779331537399,41.0
0.019107759283005985,0.008459129320021226,41.0
0.019291493008646896,0.008540465268159337,41.0
0.01947522686984261,0.008621801169243765,41.0
0.019658960839482174,0.00870313703272995,41.0
0.019842694890454624,0.008784472868073332,41.0
0.020026428995648993,0.008865808684729347,41.0
0.020210163127954334,0.008947144492153444,41.0
0.020393897260259666,0.009028480299801054,41.0
0.02057763136545404,0.009109816117127623,41.0
0.020761365416426487,0.00919115195358859,41.0
0.020945099386066056,0.009272487818639397,41.0
0.021128833247261766,0.009353823721735481,41.0
0.021312566972902684,0.009435159672332287,41.0
0.021496300535877814,0.009516495679885249,41.0
0.021680033909076222,0.009597831753849814,41.0
0.02186376706538693,0.00967916790368142,41.0
0.02204749997769898,0.009760504138835502,41.0
0.02223123261890141,0.009841840468767508,41.0
0.022414964961883267,0.009923176902932878,41.0
0.022598696979533574,0.010004513450787048,41.0
0.022782428644741386,0.010085850121785464,41.0
0.022966159930395726,0.010167186925383556,41.0
0.023149890809385638,0.010248523871036775,41.0
0.023333621254600166,0.010329860968200558,41.0
0.023517351238928338,0.010411198226330347,41.0
0.023701080735259197,0.010492535654881573,41.0
0.023884809716481787,0.01057387326330969,41.0
0.024068538155485136,0.010655211061070131,41.0
0.02425226602515828,0.010736549057618335,41.0
0.02443599329839028,0.010817887262409747,41.0
0.024619719948070145,0.010899225684899807,41.0
0.02480344594708693,0.010980564334543953,41.0
0.024987171268329667,0.011061903220797623,41.0
0.02517089588468739,0.011143242353116261,41.0
0.025354619769049153,0.011224581740955307,41.0
0.025538342894303984,0.011305921393770202,41.0
0.025722065233340915,0.011387261321016386,41.0
0.025905786759048994,0.011468601532149295,41.0
0.02608950744431726,0.011549942036624381,41.0
0.026273227262034744,0.011631282843897072,41.0
0.026456946185090487,0.011712623963422812,41.0
0.026640664186373515,0.01179396540465704,41.0
0.0268243812387729,0.011875307177055205,41.0
0.02700809731517765,0.011956649290072738,41.0
0.02719181238847681,0.012037991753165084,41.0
0.027375526431559417,0.01211933457578768,41.0
0.027559239417314522,0.012200677767395973,41.0
0.027742951340319913,0.012282021329869119,41.0
0.02792666228190849,0.012363365234781204,41.0
0.028110372345101903,0.012444709446130018,41.0
0.028294081632921814,0.012526053927913372,41.0
0.028477790248389864,0.012607398644129061,41.0
0.028661498294527712,0.01268874355877489,41.0
0.02884520587435703,0.012770088635848657,41.0
0.029028913090899448,0.012851433839348163,41.0
0.02921262004717663,0.012932779133271208,41.0
0.029396326846210238,0.013014124481615595,41.0
0.02958003359102192,0.013095469848379126,41.0
0.029763740384633343,0.0131768151975596,41.0
0.029947447330066143,0.013258160493154819,41.0
0.03013115453034199,0.013339505699162582,41.0
0.03031486208848253,0.013420850779580691,41.0
0.030498570107509428,0.013502195698406948,41.0
0.03068227869044432,0.013583540419639153,41.0
0.030865987940308873,0.013664884907275106,41.0
0.031049697960124755,0.013746229125312613,41.0
0.031233408852913598,0.013827573037749468,41.0
0.03141712072169707,0.013908916608583476,41.0
0.03160083366949682,0.013990259801812436,41.0
0.03178454779933451,0.01407160258143415,41.0
0.031968263214231796,0.014152944911446422,41.0
0.03215198001721032,0.014234286755847049,41.0
0.032335698311291745,0.014315628078633829,41.0
0.03251941819949773,0.014396968843804571,41.0
0.03270313978484992,0.014478309015357068,41.0
0.032886863170369984,0.01455964855728913,41.0
0.033070588459079564,0.014640987433598549,41.0
0.033254315754000334,0.014722325608283137,41.0
0.03343804515815391,0.014803663045340677,41.0
0.033621776774562,0.014884999708768987,41.0
0.03380551070624622,0.014966335562565861,41.0
0.03398924705622823,0.015047670570729102,41.0
0.034172985927529695,0.015129004697256513,41.0
0.03435672742317227,0.015210337906145885,41.0
0.034540471646177594,0.015291670161395026,41.0
0.03472421869956735,0.015373001427001739,41.0
0.034907968686363165,0.015454331666963821,41.0
0.03509172170958672,0.015535660845279079,41.0
0.03527547787225964,0.015616988925945303,41.0
0.035459237277403605,0.015698315872960306,41.0
0.03564300002804025,0.015779641650321877,41.0
0.035826766227191255,0.01586096622202783,41.0
0.03601053597787826,0.01594228955207596,41.0
0.036194309383122916,0.016023611604464062,41.0
0.03637808654594688,0.016104932343189944,41.0
0.03656186756937182,0.016186251732251408,41.0
0.03674565255641937,0.016267569735646248,41.0
0.03692944152877832,0.016348886345820553,41.0
0.037113234182805876,0.0164302016690135,41.0
0.037297030133526414,0.016511515839912564,41.0
0.03748082899596423,0.016592828993205203,41.0
0.03766463038514369,0.016674141263578888,41.0
0.03784843391608915,0.016755452785721086,41.0
0.038032239203824925,0.016836763694319266,41.0
0.03821604586337537,0.016918074124060888,41.0
0.03839985350976484,0.016999384209633425,41.0
0.03858366175801765,0.017080694085724334,41.0
0.03876747022315815,0.017162003887021087,41.0
0.03895127852021071,0.017243313748211152,41.0
0.03913508626419962,0.017324623803981993,41.0
0.039318893070149255,0.017405934189021068,41.0
0.03950269855308397,0.01748724503801586,41.0
0.039686502328028075,0.017568556485653822,41.0
0.039870304010005936,0.017649868666622423,41.0
0.04005410321404188,0.017731181715609137,41.0
0.040237899555160266,0.01781249576730141,41.0
0.0404216926483854,0.017893810956386733,41.0
0.04060548210874167,0.017975127417552562,41.0
0.040789267551253366,0.018056445285486354,41.0
0.04097304859094488,0.018137764694875592,41.0
0.041156824842840535,0.018219085780407727,41.0
0.041340595921964665,0.018300408676770234,41.0
0.041524361443341616,0.018381733518650578,41.0
0.04170812102199573,0.01846306044073622,41.0
0.04189187427295136,0.018544389577714634,41.0
0.04207562081123284,0.018625721064273282,41.0
0.0422593602518645,0.018707055035099632,41.0
0.0424430922098707,0.01878839162488115,41.0
0.04262681630027577,0.018869730968305295,41.0
0.04281053213810405,0.018951073200059544,41.0
0.0429942393383799,0.01903241845483136,41.0
0.04317793751612763,0.019113766867308202,41.0
0.04336162628637162,0.019195118572177546,41.0
0.043545305264136185,0.01927647370412685,41.0
0.04372897406444568,0.019357832397843586,41.0
0.04391263230232444,0.019439194788015222,41.0
0.044096279592796814,0.019520561009329217,41.0
0.04427991555088713,0.019601931196473035,41.0
0.044463539791619745,0.019683305484134158,41.0
0.04464715193001899,0.019764684007000037,41.0
0.04483075158110922,0.019846066899758145,41.0
0.04501433835991476,0.019927454297095946,41.0
0.04519791188145996,0.020008846333700907,41.0
0.045381471760769176,0.0200902431442605,41.0
0.04556501761286672,0.020171644863462176,41.0
0.045748549052776956,0.02025305162599341,41.0
0.045932065695524216,0.020334463566541672,41.0
0.04611556745977564,0.020415880713525434,41.0
0.04629905547876937,0.020497302670287203,41.0
0.04648253118938646,0.02057872893390051,41.0
0.046665996028507836,0.020660159001438864,41.0
0.04684945143301449,0.020741592369975793,41.0
0.04703289883978741,0.02082302853658481,41.0
0.04721633968570756,0.020904466998339442,41.0
0.04739977540765593,0.02098590725231321,41.0
0.04758320744251348,0.021067348795579626,41.0
0.0477666372271612,0.02114879112521222,41.0
0.04795006619848006,0.021230233738284504,41.0
0.04813349579335106,0.021311676131870006,41.0
0.04831692744865513,0.021393117803042237,41.0
0.048500362601273314,0.02147455824887473,41.0
0.04868380268808653,0.021555996966440998,41.0
0.048867249145975775,0.021637433452814554,41.0
0.04905070341182205,0.02171886720506894,41.0
0.04923416692250629,0.02180029772027765,41.0
0.049417641114909504,0.021881724495514218,41.0
0.04960112742591267,0.02196314702785217,41.0
0.04978462729239673,0.022044564814365016,41.0
0.04996814215124272,0.02212597735212628,41.0
0.050151673439331565,0.022207384138209482,41.0
0.05033522259354426,0.022288784669688144,41.0
0.05051879105076179,0.022370178443635785,41.0
0.05070238024786513,0.022451564957125924,41.0
0.050885991621735266,0.02253294370723208,41.0
0.05106962660925314,0.02261431419102778,41.0
0.05125328664729977,0.02269567590558654,41.0
0.05143697317275612,0.02277702834798188,41.0
0.051620687622503145,0.02285837101528732,41.0
0.051804431433421866,0.022939703404576378,41.0
0.05198820604239323,0.023021025012922587,41.0
0.05217201288629821,0.023102335337399447,41.0
0.0523558534020178,0.023183633875080496,41.0
0.052539729026432995,0.02326492012303925,41.0
0.052723641196424725,0.023346193578349224,41.0
0.052907591348874,0.02342745373808394,41.0
0.05309158092066178,0.02350870009931692,41.0
0.05327561134866907,0.023589932159121686,41.0
0.05345968406977681,0.02367114941457175,41.0
0.053643800520866015,0.02375235136274065,41.0
0.053827962138817645,0.023833537500701885,41.0
0.054012170360512674,0.023914707325528996,41.0
0.05419642662283209,0.023995860334295484,41.0
0.05438073236265686,0.024076996024074888,41.0
0.054565089016867956,0.024158113891940704,41.0
0.05474949802234637,0.024239213434966475,41.0
0.054933960815973064,0.02432029415022571,41.0
0.055118478834629045,0.02440135553479194,41.0
0.05530305238198687,0.024482397482411065,41.0
0.05548767722888548,0.024563421473518553,41.0
0.05567234801295549,0.02464442938522228,41.0
0.05585705937182741,0.02472542309463008,41.0
0.056041805943131816,0.024806404478849825,41.0
0.056226582364499296,0.024887375414989386,41.0
0.05641138327356039,0.02496833778015661,41.0
0.05659620330794566,0.02504929345145935,41.0
0.05678103710528569,0.025130244306005474,41.0
0.05696587930321099,0.025211192220902838,41.0
0.05715072453935217,0.025292139073259307,41.0
0.057335567451339775,0.02537308674018274,41.0
0.057520402676804375,0.02545403709878099,41.0
0.05770522485337653,0.025534992026161926,41.0
0.05789002861868678,0.025615953399433396,41.0
0.05807480861036572,0.025696923095703268,41.0
0.05825955946604392,0.0257779029920794,41.0
0.058444275823351884,0.02585889496566965,41.0
0.05862895231992021,0.025939900893581867,41.0
0.05881358359337947,0.02602092265292393,41.0
0.05899816428136021,0.02610196212080368,41.0
0.059182689021493005,0.02618302117432899,41.0
0.05936715245140841,0.02626410169060772,41.0
0.05955154920873698,0.02634520554674772,41.0
0.05973587393110929,0.02642633461985685,41.0
0.059920121256155895,0.026507490787042974,41.0
0.06010428582150735,0.02658867592541395,41.0
0.06028836226479423,0.026669891912077644,41.0
0.060472345223647084,0.0267511406241419,41.0
0.060656229335696504,0.026832423938714597,41.0
0.06084000923857301,0.026913743732903575,41.0
0.061023679569907195,0.026995101883816708,41.0
0.0612072349673296,0.02707650026856184,41.0
0.06139067006847079,0.02715794076424685,41.0
0.061573979510961344,0.02723942524797958,41.0
0.061757157932431826,0.0273209555968679,41.0
0.061940199970512755,0.027402533688019665,41.0
0.062123100262834734,0.02748416139854273,41.0
0.06230585344702834,0.027565840605544973,41.0
0.06248845416072408,0.027647573186134235,41.0
0.06267089704155256,0.027729361017418373,41.0
0.0628531767271443,0.027811205976505254,41.0
0.06303528785512992,0.027893109940502744,41.0
0.06321722506313994,0.027975074786518693,41.0
0.06339898298880495,0.028057102391660968,41.0
0.06358055626975548,0.028139194633037413,41.0
0.06376193954362212,0.028221353387755915,41.0
0.0639431274480354,0.028303580532924307,41.0
0.06412411462062592,0.02838587794565046,41.0
0.0643048956990242,0.02846824750304222,41.0
0.06448546954993249,0.028550689601772004,41.0
0.0646658519563394,0.028633198716770288,41.0
0.06484606293030538,0.028715767842532148,41.0
0.06502612248389067,0.028798389973552607,41.0
0.06520605062915565,0.028881058104326715,41.0
0.06538586737816064,0.02896376522934951,41.0
0.06556559274296596,0.029046504343116036,41.0
0.06574524673563197,0.029129268440121328,41.0
0.06592484936821898,0.029212050514860442,41.0
0.06610442065278732,0.02929484356182841,41.0
0.06628398060139737,0.029377640575520284,41.0
0.06646354922610935,0.02946043455043108,41.0
0.06664314653898373,0.029543218481055875,41.0
0.06682279255208078,0.02962598536188969,41.0
0.0670025072774608,0.029708728187427567,41.0
0.06718231072718417,0.029791439952164555,41.0
0.06736222291331122,0.029874113650595696,41.0
0.06754226384790227,0.02995674227721603,41.0
0.06772245354301763,0.0300393188265206,41.0
0.06790281201071768,0.030121836293004443,41.0
0.06808335926306272,0.03020428767116261,41.0
0.06826411531211309,0.030286665955490136,41.0
0.06844510016992914,0.03036896414048207,41.0
0.06862633384857116,0.030451175220633443,41.0
0.06880783636009952,0.030533292190439303,41.0
0.06898962771657455,0.030615308044394697,41.0
0.06917172793005656,0.03069721577699466,41.0
0.06935415701260592,0.030779008382734244,41.0
0.06953693497628291,0.030860678856108475,41.0
0.06972008183314793,0.03094222019161241,41.0
0.06990361759526124,0.031023625383741087,41.0
0.07008756227468323,0.031104887426989535,41.0
0.07027193588347419,0.031185999315852815,41.0
0.07045675843369449,0.03126695404482596,41.0
0.07064204993740447,0.03134774460840402,41.0
0.07082783040666442,0.03142836400108203,41.0
0.07101411985353466,0.03150880521735502,41.0
0.07120093829007558,0.03158906125171806,41.0
0.0713883057283475,0.03166912509866617,41.0
0.07157624218041073,0.0317489897526944,41.0
0.07176476765832561,0.03182864820829779,41.0
0.07195390217415246,0.03190809345997138,41.0
0.07214366573995164,0.03198731850221022,41.0
0.07233407836778347,0.03206631632950935,41.0
0.0725251600697083,0.032145079936363806,41.0
0.07271693085778641,0.03222360231726863,41.0
0.07290941074407821,0.03230187646671887,41.0
0.07310261974064396,0.032379895379209565,41.0
0.07329657785954405,0.03245765204923577,41.0
0.07349130511283875,0.0325351394712925,41.0
0.07368680572971897,0.03261235616494431,41.0
0.07388302080789749,0.03268932275003366,41.0
0.07407987566221776,0.03276606537147255,41.0
0.07427729560752305,0.032842610174172934,41.0
0.07447520595865682,0.03291898330304679,41.0
0.07467353203046236,0.032995210903006084,41.0
0.07487219913778306,0.0330713191189628,41.0
0.07507113259546228,0.0331473340958289,41.0
0.07527025771834339,0.033223281978516365,41.0
0.07546949982126976,0.033299188911937165,41.0
0.07566878421908471,0.033375081041003264,41.0
0.07586803622663163,0.03345098451062664,41.0
0.0760671811587539,0.033526925465719254,41.0
0.07626614433029488,0.033602930051193115,41.0
0.0764648510560979,0.033679024411960155,41.0
0.07666322665100635,0.03375523469293235,41.0
0.0768611964298636,0.03383158703902169,41.0
0.07705868570751298,0.03390810759514015,41.0
0.0772556197987979,0.033984822506199684,41.0
0.07745192401856167,0.034061757917112266,41.0
0.0776475236816477,0.03413893997278989,41.0
0.07784234410289932,0.03421639481814451,41.0
0.07803631059715992,0.034294148598088096,41.0
0.07822934847927285,0.03437222745753263,41.0
0.07842138306408145,0.03445065754139007,41.0
0.07861233966642914,0.03452946499457241,41.0
0.07880214360115922,0.0346086759619916,41.0
0.0789907201831151,0.034688316588559635,41.0
0.07917799472714011,0.03476841301918847,41.0
0.07936389254807764,0.03484899139879008,41.0
0.07954833896077104,0.03493007787227644,41.0
0.07973125928006367,0.03501169858455952,41.0
0.07991257882079889,0.03509387968055129,41.0
0.08009222289782006,0.03517664730516374,41.0
0.08027011682597057,0.035260027603308826,41.0
0.0804461859200938,0.03534404671989851,41.0
0.080620355495033,0.035428730799844786,41.0
0.08079255086563168,0.035514105988059624,41.0
0.08096269734673311,0.03560019842945497,41.0
0.08113072025318069,0.035687034268942826,41.0
0.08129654489981776,0.03577463965143516,41.0
0.08146009660148769,0.03586304072184393,41.0
0.08162130067303386,0.03595226362508112,41.0
0.0817800824292996,0.03604233450605869,41.0
0.08193636718512833,0.036133279509688636,41.0
0.08209008025536334,0.036225124780882904,41.0
0.08224114695484806,0.03631789646455349,41.0
0.0823894925984258,0.03641162070561234,41.0
0.08253504250093996,0.036506323648971446,41.0
0.08267772197723389,0.03660203143954277,41.0
0.08281744175304358,0.036698717067260064,41.42
0.08295405419767546,0.03679614090214414,41.84
0.08308739709132869,0.03689401015923759,42.260000000000005
0.08321730821420233,0.03699203205358302,42.68
0.0833436253464955,0.037089913800223015,43.1
0.08346618626840727,0.03718736261420018,43.52
0.08358482876013677,0.03728408571055709,43.940000000000005
0.08369939060188306,0.03737979030433633,44.36000000000001
0.08380970957384527,0.03747418361058053,44.78
0.08391562345622249,0.037566972844332254,45.2
0.08401697002921378,0.0376578652206341,45.620000000000005
0.08411358707301825,0.03774656795452865,46.040000000000006
0.084205312367835,0.03783278826105853,46.46000000000001
0.08429198369386318,0.037916233355266296,46.88000000000001
0.08437343883130179,0.03799661045219457,47.300000000000004
0.08444951556035,0.03807362676688592,47.720000000000006
0.0845200516612069,0.03814698951438295,48.14000000000001
0.08458488491407154,0.03821640590972826,48.56000000000001
0.08464385309914305,0.038281583167964435,48.98000000000001
0.08469679399662053,0.03834222850413408,49.400000000000006
0.08474354538670305,0.03839804913327976,49.82000000000001
0.08478394504958973,0.0384487522704441,50.24000000000001
0.08481783076547965,0.03849404513066967,50.66000000000001
0.08484504031457195,0.03853363492899907,51.08000000000001
0.08486541147706565,0.038567228880474896,51.500000000000014
0.08487878203315993,0.03859453420013975,51.920000000000016
0.08488498976305382,0.0386152581030362,52.34000000000001
0.08488387244694645,0.03862910780420686,52.76000000000001
0.08487526786503688,0.03863579051869431,53.180000000000014
0.08485901379752428,0.03863501346154116,53.599999999999994
0.08483494802460766,0.03862648384778998,54.019999999999996
0.08480290832648617,0.03860990889248338,54.43999999999999
0.08476273248335889,0.03858499581066395,54.85999999999999
0.08471425827542493,0.03855145181737428,55.279999999999994
0.08465732348288336,0.03850898412765696,55.699999999999996
0.0845917658859333,0.03845729995655459,56.11999999999999
0.08451742326477384,0.038396106519109754,56.53999999999999
0.08443413339960407,0.03832511103036505,56.959999999999994
0.08434173407062306,0.03824402070536308,57.379999999999995
0.08424006305802997,0.03815254275914642,57.8
0.08412895814202384,0.03805038440675766,58.22
0.08400825710280382,0.03793725286323943,58.64
0.08387779772056896,0.03781285534363428,59.06
0.08373741777551837,0.037676899062984825,59.48
0.08358695504785113,0.03752909123633365,59.9
0.08342624731776636,0.03736913907872336,60.32
0.08325513236546318,0.03719674980519652,60.739999999999995
0.08307344797114063,0.03701163063079576,61.16
0.08288103191499782,0.03681348877056364,61.58
0.08267772197723387,0.03660203143954278,62.0
0.0824634648117748,0.03637711546142777,62.0
0.08223864256745438,0.03613919609452146,62.0
0.08200374626683332,0.03588887820577863,62.0
0.08175926693247233,0.03562676666215414,62.0
0.0815056955869321,0.03535346633060279,62.0
0.08124352325277336,0.03506958207807943,62.0
0.08097324095255681,0.03477571877153888,62.0
0.08069533970884311,0.034472481277935965,62.0
0.08041031054419305,0.03416047446422552,62.0
0.08011864448116729,0.033840303197362365,62.0
0.07982083254232654,0.03351257234430135,62.0
0.07951736575023148,0.03317788677199727,62.0
0.07920873512744288,0.03283685134740498,62.0
0.07889543169652138,0.03249007093747929,62.0
0.07857794648002774,0.032138150409175045,62.0
0.07825677050052263,0.03178169462944706,62.0
0.0779323947805668,0.03142130846525019,62.0
0.07760531034272089,0.031057596783539223,62.0
0.07727600820954564,0.030691164451269008,62.0
0.0769449794036018,0.030322616335394386,62.0
0.07661271494744999,0.029952557302870157,62.0
0.07627970586365103,0.02958159222065118,62.0
0.07594644317476551,0.02921032595569226,62.0
0.07561341790335419,0.028839363374948225,62.0
0.0752811210719778,0.028469309345373926,62.0
0.074950043703197,0.028100768733924173,62.0
0.07462067681957253,0.027734346407553793,62.0
0.07429351144366508,0.02737064723321763,62.0
0.07396903859803534,0.027010276077870498,62.0
0.07364774930524408,0.026653837808467234,62.0
0.07333013458785194,0.026301937291962656,62.0
0.07301668546841963,0.025955179395311598,62.0
0.07270789296950791,0.0256141689854689,62.0
0.07240424811367745,0.025279510929389376,62.0
0.07210624192348895,0.02495181009402785,62.0
0.07181436542150314,0.024631671346339166,62.0
0.07152910963028071,0.024319699553278142,62.0
0.07125096557238236,0.024016499581799616,62.0
0.07098042427036882,0.0237226762988584,62.0
0.07071797674680079,0.02343883457140934,62.0
0.07046411402423894,0.023165579266407246,62.0
0.07021932712524402,0.02290351525080696,62.0
0.06998410707237676,0.022653247391563325,62.0
0.0697589448881978,0.022415380555631133,62.0
0.06954433159526788,0.02219051960996524,62.0
0.0693407582161477,0.02197926942152046,62.0
0.06914871577339797,0.02178223485725163,62.0
0.06896869528957941,0.021600020784113577,62.0
0.06880118778725271,0.02143323206906113,62.0
0.06864668428897858,0.02128247357904911,62.0
0.0685055635880582,0.021148211919840405,62.0
0.06837775556075476,0.021030360652430125,62.0
0.06826307785407187,0.020928695076621408,62.0
0.0681613481150132,0.02084299049221742,62.0
0.06807238399058237,0.02077302219902132,62.0
0.06799600312778299,0.020718565496836244,62.0
0.06793202317361878,0.020679395685465375,62.0
0.06788026177509329,0.020655288064711844,62.0
0.06784053657921024,0.02064601793437882,62.0
0.06781266523297325,0.02065136059426946,62.0
0.06779646538338593,0.020671091344186914,62.0
0.06779175467745197,0.020704985483934336,62.0
0.06779835076217494,0.02075281831331488,62.0
0.06781607128455855,0.02081436513213171,62.0
0.06784473389160642,0.020889401240187976,62.0
0.06788415623032219,0.02097770193728683,62.0
0.06793415594770948,0.021079042523231433,62.0
0.06799455069077198,0.021193198297824935,62.0
0.06806515810651328,0.0213199445608705,62.0
0.06814579584193706,0.02145905661217127,62.0
0.06823628154404691,0.02161030975153041,62.0
0.06833643285984654,0.021773479278751083,62.0
0.06844606743633957,0.02194834049363643,62.0
0.06856500292052958,0.022134668695989602,62.0
0.0686930569594203,0.02233223918561377,62.0
0.06883004720001532,0.022540827262312085,62.0
0.06897579128931827,0.022760208225887677,62.0
0.06913010687433284,0.022990157376143745,62.0
0.06929281160206263,0.02323045001288342,62.0
0.06946372311951132,0.02348086143590987,62.0
0.06964265907368251,0.02374116694502624,62.0
0.06982943711157988,0.024011141840035683,62.0
0.07002387488020706,0.024290561420741368,62.0
0.07022579002656765,0.02457920098694643,62.0
0.07043500019766534,0.024876835838454042,62.0
0.07065132304050374,0.02518324127506735,62.0
0.07087457620208654,0.025498192596589517,62.0
0.07110457732941732,0.025821465102823685,62.0
0.07134114406949976,0.02615283409357302,62.0
0.0715840940693375,0.026492074868640685,62.0
0.07183324497593416,0.02683896272782981,62.0
0.07208841443629338,0.027193272970943577,62.0
0.07234942009741883,0.02755478089778513,62.0
0.07261607960631412,0.02792326180815762,62.0
0.07288821060998295,0.028298491001864212,62.0
0.0731656307554289,0.028680243778708054,62.0
0.0734481576896556,0.0290682954384923,62.0
0.07373560905966677,0.029462421281020112,62.0
0.07402780251246596,0.029862396606094643,62.0
0.07432455569505689,0.03026799671351905,62.0
0.0746256761188569,0.03067898436617475,62.0
0.07493093075293823,0.0310950721792562,62.0
0.07524007643078692,0.03151596023103612,62.0
0.07555286998588902,0.03194134859978726,62.0
0.07586906825173045,0.03237093736378231,62.0
0.07618842806179728,0.03280442660129401,62.0
0.0765107062495755,0.0332415163905951,62.0
0.0768356596485511,0.03368190680995827,62.0
0.07716304509221013,0.03412529793765628,62.0
0.07749261941403852,0.03457138985196182,62.0
0.07782413944752238,0.03501988263114765,62.0
0.07815736202614768,0.03547047635348646,62.0
0.07849204398340034,0.035922871097250994,62.0
0.0788279421527665,0.03637676694071398,62.0
0.07916481336773208,0.036831863962148124,62.0
0.07950241446178312,0.037287862239826164,62.0
0.07984050226840564,0.03774446185202083,62.0
0.0801788336210856,0.038201362877004826,62.0
0.08051716535330904,0.03865826539305089,62.0
0.08085525429856195,0.03911486947843174,62.0
0.08119285729033035,0.0395708752114201,62.0
0.08152973116210029,0.040025982670288715,62.0
0.0818656327473577,0.04047989193331029,62.0
0.0822003188795886,0.04093230307875753,62.0
0.08253354639227906,0.041382916184903196,62.0
0.08286507211891504,0.04183143133002,62.0
0.08319465289298253,0.04227754859238065,62.0
0.08352204554796752,0.042720968050257886,62.0
0.08384700691735615,0.04316138978192445,62.0
0.08416929383463426,0.04359851386565301,62.0
0.08448866313328798,0.04403204037971636,62.0
0.08480487164680325,0.044461669402387174,62.0
0.08511767620866607,0.04488710101193819,62.0
0.08542683365236252,0.045308035286642144,62.0
0.08573210081137853,0.04572417230477174,62.0
0.08603323451920011,0.04613521214459971,62.0
0.08632999160931333,0.0465408548843988,62.0
0.08662212891520414,0.046940800602441685,62.0
0.08690940327035858,0.04733474937700115,62.0
0.08719157150826264,0.04772240128634987,62.0
0.08746839046240235,0.0481034564087606,62.0
0.08773961696626369,0.048477614822506045,62.0
0.08800500785333266,0.048844576605858954,62.0
0.0882643199570953,0.049204041837092004,62.0
0.0885173101110376,0.04955571059447798,62.0
0.08876373514864556,0.04989928295628955,62.0
0.0890033519034052,0.05023445900079947,62.0
0.08923591720880253,0.050560938806280466,62.0
0.08946118789832352,0.05087842245100524,62.0
0.08967892080545424,0.051186610013246536,62.0
0.08988890871852614,0.05148524592109396,62.0
0.09009108824525268,0.051774252001904726,62.0
0.09028543194819286,0.05205359443285294,62.0
0.09047191238990561,0.052323239391112684,62.0
0.09065050213294983,0.052583153053858044,62.0
0.09082117373988453,0.05283330159826314,62.0
0.09098389977326866,0.05307365120150205,62.0
0.09113865279566113,0.053304168040748896,62.0
0.09128540536962094,0.05352481829317775,62.0
0.09142413005770703,0.05373556813596272,62.0
0.09155479942247836,0.053936383746277905,62.0
0.09167738602649386,0.054127231301297415,62.0
0.09179186243231248,0.05430807697819531,62.0
0.09189820120249319,0.05447888695414572,62.0
0.09199637489959492,0.05463962740632273,62.0
0.09208635608617667,0.05479026451190045,62.0
0.09216811732479734,0.05493076444805296,62.0
0.09224163117801594,0.05506109339195437,62.0
0.09230687020839135,0.055181217520778765,62.0
0.09236380697848255,0.05529110301170024,62.0
0.09241241405084853,0.05539071604189292,62.0
0.0924526639880482,0.055480022788530876,62.0
0.09248452935264052,0.05555898942878822,62.0
0.09250798270718444,0.05562758213983903,62.0
0.09252299661423893,0.05568576709885743,62.0
0.09252954363636294,0.05573351048301749,62.0
0.09252759633611542,0.05577077846949333,62.0
0.0925171272760553,0.055797537235459035,62.0
0.09249810901874156,0.055813752958088714,62.0
0.09247051412673311,0.05581939181455643,62.0
0.09243431516258896,0.055814419982036324,62.0
0.09238948468886805,0.05579880363770248,62.0
0.0923359952681293,0.055772508958728984,62.0
0.09227381946293169,0.05573550212228993,62.0
0.09220292983583414,0.05568774930555943,62.0
0.09212329894939565,0.05562921668571157,62.0
0.09203489936617516,0.055559870439920486,62.0
0.09193770364873159,0.05547967674536022,62.0
0.09183168435962391,0.055388601779204884,62.0
0.09171681406141108,0.0552866117186286,62.0
0.09159306531665205,0.05517367274080544,62.0
0.09146041068790578,0.055049751022909515,62.0
0.0913188227377312,0.054914812742114925,62.0
0.09116827402868727,0.054768824075595746,62.0
0.09100873712333295,0.05461175120052608,62.0
0.09084018458422721,0.05444356029408006,62.0
0.09066258897392895,0.05426421753343175,62.0
0.09047592285499714,0.05407368909575524,62.0
0.09028015878999082,0.05387194115822465,62.0
0.09007526934146882,0.05365893989801408,62.0
0.08986127396475732,0.05343470931780712,62.0
0.08963837968625127,0.05319950472232547,62.0
0.08940684042511271,0.05295363924180038,62.0
0.08916691010050377,0.05269742600646306,62.0
0.08891884263158653,0.05243117814654466,62.0
0.08866289193752307,0.05215520879227644,62.0
0.08839931193747548,0.0518698310738896,62.0
0.0881283565506059,0.051575358121615365,62.0
0.0878502796960764,0.051272103065684936,62.0
0.08756533529304902,0.05096037903632954,62.0
0.08727377726068597,0.0506404991637804,62.0
0.08697585951814925,0.0503127765782687,62.0
0.086671835984601,0.049977524410025655,62.0
0.0863619605792033,0.04963505578928251,62.0
0.08604648722111824,0.04928568384627045,62.0
0.08572566982950793,0.048929721711220696,62.0
0.08539976232353444,0.04856748251436447,62.0
0.08506901862235988,0.04819927938593298,62.0
0.08473369264514637,0.04782542545615743,62.0
0.08439403831105594,0.04744623385526904,62.0
0.08405030953925072,0.047062017713499014,62.0
0.08370276024889284,0.046673090161078595,62.0
0.08335164435914436,0.04627976432823897,62.0
0.08299721578916734,0.04588235334521136,62.0
0.08263972845812394,0.04548117034222698,62.0
0.08227943628517621,0.045076528449517046,62.0
0.08191659318948628,0.044668740797312756,62.0
0.08155145309021619,0.04425812051584533,62.0
0.08118426990652813,0.04384498073534601,62.0
0.08081529755758407,0.043429634586045957,62.0
0.08044478996254621,0.04301239519817644,62.0
0.0800730010405766,0.04259357570196864,62.0
0.07970018471083733,0.04217348922765376,62.0
0.0793265948924905,0.04175244890546304,62.0
0.0789524855046982,0.04133076786562768,62.0
0.07857811046662252,0.04090875923837888,62.0
0.07820372369742559,0.04048673615394789,62.0
0.07782957911626946,0.040065011742565895,62.0
0.07745593064231626,0.03964389913446412,62.0
0.07708303219472808,0.03922371145987376,62.0
0.076711137692667,0.038804761849026065,62.0
0.07634050105529512,0.038387363432152224,62.0
0.07597137620177452,0.03797182933948343,62.0
0.0756040170512673,0.03755847270125094,62.0
0.0752386775229356,0.03714760664768594,62.0
0.07487561153594145,0.036739544309019656,62.0
0.074515073009447,0.03633459881548329,62.0
0.07415731586261427,0.03593308329730806,62.0
0.07380259401460543,0.035535310884725176,62.0
0.07345116138458253,0.03514159470796585,62.0
0.07310325384076617,0.03475222563758119,62.0
0.07275903504761076,0.03436740550540169,62.0
0.0724186506186293,0.033987313883577834,62.0
0.07208224616733466,0.033612130344259986,62.0
0.07174996730723979,0.03324203445959858,62.0
0.07142195965185762,0.03287720580174403,62.0
0.07109836881470108,0.032517823942846746,62.0
0.0707793404092831,0.032164068455057156,62.0
0.07046502004911662,0.031816118910525666,62.0
0.07015555334771455,0.0314741548814027,62.0
0.06985108591858984,0.03113835593983866,62.0
0.0695517633752554,0.03080890165798398,62.0
0.06925773133122416,0.030485971607989056,62.0
0.06896913540000907,0.030169745362004324,62.0
0.06868612119512303,0.029860402492180187,62.0
0.06840883433007904,0.02955812257066707,62.0
0.06813742041838994,0.02926308516961537,62.0
0.0678720250735687,0.02897546986117552,62.0
0.06761279390912826,0.028695456217497934,62.0
0.06735987253858153,0.028423223810733023,62.0
0.06711340657544146,0.028158952213031208,62.0
0.06687354163322094,0.02790282099654289,62.0
0.06664042332543296,0.027655009733418508,62.0
0.06641419726559042,0.027415697995808463,62.0
0.06619500906720624,0.027185065355863174,62.0
0.06598300434379335,0.026963291385733053,62.0
0.06577832870886471,0.02675055565756853,62.0
0.0655811277759332,0.026547037743519998,62.0
0.0653915471585118,0.026352917215737886,62.0
0.0652097324701134,0.026168373646372613,62.0
0.06503582932425098,0.025993586607574594,62.0
0.06486998333443741,0.025828735671494234,62.0
0.06471234011418567,0.02567400041028196,62.0
0.06456304527700865,0.02552956039608818,62.0
0.0644222444364193,0.025395595201063315,62.0
0.06429008320593055,0.025272284397357778,62.0
0.06416670719905533,0.02515980755712199,62.0
0.06405226202930657,0.025058344252506363,62.0
0.06394689331019718,0.02496807405566131,62.0
0.06385074665524014,0.024889176538737248,62.0
0.06376396767794833,0.024821831273884598,62.0
0.06368670199183468,0.02476621783325377,62.0
0.06361909521041217,0.02472251578899519,62.0
0.06356129294719366,0.024690904713259253,62.0
0.06351344081569216,0.024671564178196395,62.0
0.06347568442942053,0.024664673755957024,62.0
0.06344816940189175,0.024670413018691554,62.0
0.06343104134661871,0.024688961538550405,62.0
0.06342444587711438,0.02472049888768399,62.0
0.06342852860689163,0.02476520463824272,62.0
0.06344338076589326,0.024823191296141675,62.0
0.06346887604978121,0.024894303102354496,62.0
0.06350483377064728,0.024978317231619508,62.0
0.06355107324058322,0.02507501085867501,62.0
0.06360741377168086,0.02518416115825932,62.0
0.06367367467603191,0.025305545305110737,62.0
0.06374967526572824,0.025438940473967588,62.0
0.06383523485286154,0.025584123839568165,62.0
0.06393017274952367,0.025740872576650784,62.0
0.06403430826780639,0.02590896385995376,62.0
0.06414746071980143,0.026088174864215396,62.0
0.06426944941760063,0.026278282764174002,62.0
0.06440009367329573,0.026479064734567882,62.0
0.06453921279897855,0.02669029795013536,62.0
0.06468662610674084,0.026911759585614734,62.0
0.0648421529086744,0.027143226815744322,62.0
0.06500561251687101,0.027384476815262425,62.0
0.06517682424342243,0.027635286758907352,62.0
0.06535560740042047,0.027895433821417417,62.0
0.06554178129995689,0.028164695177530934,62.0
0.06573516525412348,0.028442848001986203,62.0
0.06593557857501202,0.028729669469521543,62.0
0.0661428405747143,0.029024936754875257,62.0
0.06635677056532208,0.029328427032785653,62.0
0.06657718785892713,0.02963991747799104,62.0
0.0668039117676213,0.029959185265229737,62.0
0.0670367616034963,0.030286007569240044,62.0
0.06727555667864392,0.030620161564760277,62.0
0.06752011630515599,0.030961424426528748,62.0
0.06777025979512423,0.03130957332928375,62.0
0.06802580646064046,0.03166438544776361,62.0
0.06828657561379645,0.03202563795670662,62.0
0.06855238656668396,0.03239310803085108,62.0
0.0688230586313948,0.032766572844935345,62.0
0.06909841112002076,0.033145809573697706,62.0
0.06937826334465359,0.033530595391876465,62.0
0.06966243461738511,0.03392070747420994,62.0
0.06995074425030705,0.03431592299543641,62.0
0.07024301155551121,0.03471601913029423,62.0
0.07053905584508942,0.03512077305352169,62.0
0.0708386964311334,0.03552996193985708,62.0
0.07114175262573494,0.03594336296403874,62.0
0.07144804374098584,0.03636075330080496,62.0
0.07175738908897786,0.03678191012489405,62.0
0.07206960798180281,0.03720661061104433,62.0
0.07238451973155247,0.037634631933994106,62.0
0.07270194365031855,0.038065751268481676,62.0
0.07302169905019294,0.03849974578924538,62.0
0.07334360524326734,0.03893639267102349,62.0
0.07366748154163358,0.039375469088554334,62.0
0.0739931382400447,0.03981674109645528,62.0
0.07432034956389899,0.040259930268859864,62.0
0.074648880721256,0.04070474705978067,62.0
0.07497849692017527,0.04115090192323034,62.0
0.0753089633687164,0.04159810531322143,62.0
0.0756400452749389,0.042046067683766564,62.0
0.07597150784690235,0.042494499488878325,62.0
0.07630311629266635,0.04294311118256934,62.0
0.07663463582029041,0.04339161321885218,62.0
0.07696583163783408,0.04383971605173944,62.0
0.07729646895335697,0.04428713013524375,62.0
0.07762631297491861,0.0447335659233777,62.0
0.07795512891057853,0.04517873387015385,62.0
0.07828268196839636,0.045622344429584856,62.0
0.07860873735643158,0.046064108055683284,62.0
0.07893306028274381,0.046503735202461725,62.0
0.07925541595539258,0.046940936323932814,62.0
0.07957556958243746,0.04737542187410912,62.0
0.07989328637193802,0.047806902307003254,62.0
0.08020833153195378,0.04823508807662781,62.0
0.0805204702705443,0.04865968963699537,62.0
0.08082946779576922,0.049080417442118586,62.0
0.08113508931568801,0.04949698194601001,62.0
0.08143710003836027,0.04990909360268225,62.0
0.08173526517184554,0.0503164628661479,62.0
0.08202934992420342,0.05071880019041959,62.0
0.08231911950349341,0.051115816029509875,62.0
0.08260433911777508,0.05150722083743138,62.0
0.08288477397510807,0.05189272506819673,62.0
0.0831601892835518,0.05227203917581846,62.0
0.08343035025116596,0.05264487361430922,62.0
0.08369502208601004,0.05301093883768159,62.0
0.08395396999614362,0.05336994529994816,62.0
0.08420695918962624,0.05372160345512157,62.0
0.08445375487451748,0.05406562375721437,62.0
0.08469412225887687,0.05440171666023917,62.0
0.08492782655076403,0.05472959261820859,62.0
0.08515463295823844,0.0550489620851352,62.0
0.08537430668935972,0.05535953551503164,62.0
0.08558661295218739,0.055661023361910464,62.0
0.08579131695478105,0.05595313607978431,62.0
0.08598818390520024,0.05623558412266575,62.0
0.08617697901150452,0.05650807794456741,62.0
0.08635746748175341,0.056770327999501845,62.0
0.08652941452400655,0.057022044741481696,62.0
0.0866925853463234,0.05726293862451953,62.0
0.08684674515676362,0.05749272010262799,62.0
0.08699165916338669,0.05771109962981963,62.0
0.08712709257425222,0.057917787660107065,62.0
0.08725281059741974,0.0581124946475029,62.0
0.08736862849563373,0.05829499277356744,62.0
0.08747456175037832,0.05846530113005198,62.0
0.08757067589782264,0.05862350053625546,62.0
0.08765703647413568,0.058769671811476853,62.0
0.0877337090154865,0.058903895775015126,62.0
0.08780075905804419,0.05902625324616929,62.0
0.08785825213797778,0.0591368250442383,62.0
0.08790625379145633,0.059235691988521105,62.0
0.08794482955464891,0.05932293489831671,62.0
0.0879740449637246,0.059398634592924104,62.0
0.08799396555485244,0.05946287189164225,62.0
0.08800465686420152,0.05951572761377011,62.0
0.08800618442794081,0.059557282578606645,62.0
0.08799861378223944,0.05958761760545085,62.0
0.08798201046326647,0.05960681351360173,62.0
0.08795644000719095,0.05961495112235822,62.0
0.08792196795018194,0.059612111251019305,62.0
0.08787865982840848,0.05959837471888397,62.0
0.08782658117803963,0.059573822345251146,62.0
0.08776579753524447,0.05953853494941988,62.0
0.08769637443619206,0.0594925933506891,62.0
0.08761837741705143,0.059436078368357785,62.0
0.08753187201399168,0.05936907082172492,62.0
0.08743692376318182,0.05929165153008948,62.0
0.08733359820079097,0.05920390131275043,62.0
0.08722196086298813,0.059105900989006754,62.0
0.08710207728594241,0.05899773137815743,62.0
0.0869740130058228,0.058879473299501425,62.0
0.08683783355879844,0.058751207572337705,62.0
0.08669360448103831,0.05861301501596527,62.0
0.08654139130871157,0.05846497644968308,62.0
0.08638125957798719,0.05830717269279012,62.0
0.08621327482503424,0.05813968456458534,62.0
0.08603750258602182,0.057962592884367746,62.0
0.08585400839711896,0.057775978471436285,62.0
0.08566285779449472,0.05757992214508996,62.0
0.08546411631431818,0.05737450472462774,62.0
0.08525784949275839,0.05715980702934858,62.0
0.08504412286598438,0.05693590987855146,62.0
0.08482300197016522,0.056702894091535366,62.0
0.08459455234147002,0.056460840487599286,62.0
0.08435883951606778,0.056209829886042166,62.0
0.0841159290301276,0.05594994310616301,62.0
0.0838658864198185,0.05568126096726076,62.0
0.08360877722130954,0.05540386428863441,62.0
0.08334466697076984,0.055117833889582954,62.0
0.08307362120436838,0.05482325058940532,62.0
0.08279570545827424,0.054520195207400514,62.0
0.08251098526865652,0.05420874856286752,62.0
0.08221952617168427,0.05388899147510529,62.0
0.08192142727034692,0.05356104615812726,62.0
0.08161692193491564,0.05322520040480462,62.0
0.08130627710248198,0.052881783402723065,62.0
0.08098975971013746,0.0525311243394682,62.0
0.08066763669497368,0.05217355240262572,62.0
0.08034017499408215,0.05180939677978127,62.0
0.08000764154455448,0.0514389866585205,62.0
0.07967030328348212,0.05106265122642907,62.0
0.07932842714795672,0.05068071967109263,62.0
0.07898228007506983,0.05029352118009688,62.0
0.07863212900191295,0.049901384941027416,62.0
0.07827824086557762,0.0495046401414699,62.0
0.07792088260315541,0.049103615969009994,62.0
0.07756032115173793,0.04869864161123337,62.0
0.07719682344841663,0.04829004625572567,62.0
0.07683065643028313,0.04787815909007256,62.0
0.07646208703442897,0.04746330930185969,62.0
0.07609138219794569,0.04704582607867271,62.0
0.07571880885792484,0.0466260386080973,62.0
0.07534463395145799,0.04620427607771907,62.0
0.07496912441563666,0.04578086767512371,62.0
0.07459254718755245,0.04535614258789689,62.0
0.07421516920429688,0.044930430003624226,62.0
0.07383725740296149,0.04450405910989139,62.0
0.07345907872063784,0.04407735909428405,62.0
0.0730809000944175,0.04365065914438786,62.0
0.072702988461392,0.043224288447788445,62.0
0.0723256107586529,0.042798576192071495,62.0
0.07194903392329177,0.04237385156482267,62.0
0.07157352489240013,0.04195044375362759,62.0
0.07119935060306955,0.041528681946071934,62.0
0.07082677799239158,0.041108895329741366,62.0
0.07045607399745775,0.04069141309222151,62.0
0.07008750555535966,0.04027656442109805,62.0
0.0697213396031888,0.03986467850395665,62.0
0.06935784307803675,0.039456084528382916,62.0
0.06899728291699507,0.03905111168196257,62.0
0.0686399260571553,0.03865008915228122,62.0
0.06828603943560901,0.038253346126924534,62.0
0.06793588998944772,0.03786121179347817,62.0
0.067589744655763,0.037474015339527794,62.0
0.06724787037164645,0.037092085952659046,62.0
0.06691053407418954,0.03671575282045759,62.0
0.06657800270048382,0.03634534513050908,62.0
0.06625054318762091,0.03598119207039917,62.0
0.06592842247269232,0.03562362282771351,62.0
0.06561190749278961,0.03527296659003777,62.0
0.06530126518500431,0.034929552544957596,62.0
0.06499676248642801,0.034593709880058644,62.0
0.06469866633415222,0.034265767782926566,62.0
0.06440721009623375,0.03394601404377429,62.0
0.0641224928645905,0.03363457086332412,62.0
0.06384458016210545,0.03333151904492539,62.0
0.0635735375116618,0.03303693939192773,62.0
0.06330943043614248,0.03275091270768047,62.0
0.06305232445843072,0.03247351979553326,62.0
0.06280228510140946,0.03220484145883544,62.0
0.06255937788796193,0.03194495850093662,62.0
0.06232366834097106,0.03169395172518617,62.0
0.06209522198332008,0.03145190193493371,62.0
0.06187410433789193,0.031218889933528594,62.0
0.061660380927569834,0.030994996524320424,62.0
0.061454117275236746,0.030780302510658584,62.0
0.06125537890377583,0.030574888695892657,62.0
0.061064231336070106,0.030378835883372042,62.0
0.060880740095002744,0.030192224876446308,62.0
0.06070497070345673,0.03001513647846486,62.0
0.06053698868431519,0.029847651492777266,62.0
0.06037685956046119,0.02968985072273294,62.0
0.06022464885477787,0.029541814971681436,62.0
0.060080422090148224,0.029403625042972174,62.0
0.0599442447894554,0.029275361739954712,62.0
0.05981618247558243,0.029157105865978472,62.0
0.05969630067141246,0.029048938224392994,62.0
0.05958466489982852,0.02895093961854774,62.0
0.05948134068371367,0.02886319085179217,62.0
0.059386393545951065,0.028785772727475827,62.0
0.05929988900942371,0.028718766048948144,62.0
0.05922189259701474,0.028662251619558644,62.0
0.05915246983160722,0.0286163102426568,62.0
0.05909168623608424,0.02858102272159211,62.0
0.059039607333328865,0.02855646985971405,62.0
0.058996298646224195,0.028542732460372117,62.0
0.05896182569765329,0.02853989132691579,62.0
0.05893625401049925,0.02854802726269455,62.0
0.058919649107645126,0.028567221071057903,62.0
0.05891207651197405,0.028597553555355315,62.0
0.05891360174636907,0.028639105518936295,62.0
0.05892429033371327,0.028691957765150305,62.0
0.05894420779688975,0.02875619109734686,62.0
0.058973419658781556,0.028831886318875406,62.0
0.0590119914422718,0.028919124233085486,62.0
0.05905998867024355,0.029017985643326534,62.0
0.059117476865579915,0.029128551352948086,62.0
0.05918452155116394,0.029250902165299575,62.0
0.059261188249878735,0.029385118883730552,62.0
0.05934754248460733,0.029531282311590426,62.0
0.05944364977823289,0.029689473252228774,62.0
0.05954957565363841,0.029859772508994988,62.0
0.059665385633707047,0.03004226088523865,62.0
0.05979109519761915,0.030236957470142076,62.0
0.059926519649744464,0.030443634496219417,62.0
0.060071424250749954,0.030662002481817593,62.0
0.06022557426130274,0.03089177194528369,62.0
0.060388734942069755,0.03113265340496458,62.0
0.060560671553718116,0.03138435737920739,62.0
0.060741149356914756,0.03164659438635898,62.0
0.06092993361232679,0.031919074944766465,62.0
0.061126789580621184,0.032201509572776746,62.0
0.061331482522465,0.032493608788736895,62.0
0.061543777698525204,0.03279508311099379,62.0
0.061763440369468944,0.033105643057894575,62.0
0.06199023579596311,0.0334249991477861,62.0
0.06222392923867484,0.033752861899015475,62.0
0.06246428595827107,0.034088941829929574,62.0
0.06271107121541893,0.034432949458875546,62.0
0.06296405027078532,0.034784595304200194,62.0
0.06322298838503738,0.035143589884250696,62.0
0.06348765081884206,0.03550964371737389,62.0
0.06375780283286646,0.03588246732191691,62.0
0.06403320968777751,0.0362617712162266,62.0
0.06431363664424236,0.036647265918650106,62.0
0.0645988489629279,0.037038661947534274,62.0
0.0648886119045013,0.037435669821226245,62.0
0.06518269072962943,0.03783800005807285,62.0
0.06548085069897949,0.03824536317642126,62.0
0.06578285707321836,0.038657469694618286,62.0
0.06608847511301315,0.03907403013101109,62.0
0.06639747007903082,0.039494755003946495,62.0
0.06670960723193851,0.03991935483177168,62.0
0.06702465183240312,0.04034754013283347,62.0
0.06734236914109179,0.040779021425479,62.0
0.06766252441867143,0.04121350922805511,62.0
0.0679848829258092,0.041650714058908966,62.0
0.06830920992317197,0.04209034643638737,62.0
0.06863527067142693,0.04253211687883752,62.0
0.06896283043124095,0.04297573590460621,62.0
0.06929165446328121,0.043420914032040625,62.0
0.06962150802821464,0.04386736177948757,62.0
0.0699521563867083,0.044314789665294216,62.0
0.07028336479942915,0.04476290820780737,62.0
0.07061489852704435,0.04521142792537422,62.0
0.0709465228302208,0.04566005933634159,62.0
0.07127800296962564,0.046108512959056616,62.0
0.07160910420592576,0.046556499311866145,62.0
0.07193959179978833,0.047003728913117326,62.0
0.07226923101188024,0.047449912281156977,62.0
0.0725977871028687,0.0478947599343323,62.0
0.0729250253334205,0.048337982390990054,62.0
0.0732507109642029,0.04877929016947746,62.0
0.0735746182316856,0.04921840485721911,62.0
0.07389655727555025,0.049655092317951184,62.0
0.07421634721128098,0.05008912948448724,62.0
0.07453380715436231,0.05052029328964126,62.0
0.07484875622027838,0.05094836066622686,62.0
0.07516101352451368,0.05137310854705799,62.0
0.07547039818255243,0.05179431386494824,62.0
0.07577672930987903,0.052211753552711564,62.0
0.07607982602197777,0.052625204543161615,62.0
0.076379507434333,0.05303444376911228,62.0
0.07667559266242897,0.053439248163377195,62.0
0.07696790082175019,0.05383939465877033,62.0
0.07725625102778075,0.05423466018810527,62.0
0.07754046239600518,0.054624821684195954,62.0
0.07782035404190768,0.055009656079856036,62.0
0.07809574508097271,0.05538894030789945,62.0
0.07836645462868443,0.05576245130113978,62.0
0.07863230180052729,0.056129965992390965,62.0
0.07889310571198556,0.05649126131446669,62.0
0.07914868547854363,0.056846114200180826,62.0
0.07939886021568575,0.05719430158234703,62.0
0.07964344903889635,0.057535600393779224,62.0
0.07988227106365964,0.05786978756729105,62.0
0.08011514540546007,0.05819664003569642,62.0
0.08034189117978183,0.05851593473180898,62.0
0.0805623275021094,0.05882744858844265,62.0
0.08077627348792697,0.05913095853841106,62.0
0.08098354825271896,0.05942624151452813,62.0
0.08118397091196965,0.05971307444960752,62.0
0.08137736058116343,0.05999123427646314,62.0
0.08156353637578455,0.06026049792790863,62.0
0.08174231741131739,0.06052064233675788,62.0
0.08191352280324626,0.060771444435824606,62.0
0.08207697166705552,0.06101268115792264,62.0
0.08223248311822944,0.06124412943586569,62.0
0.08237987627225238,0.06146556620246762,62.0
0.08251897024460868,0.06167676839054212,62.0
0.08264958415078268,0.06187751293290308,62.0
0.08277153710625865,0.062067576762364164,62.0
0.08288464822652097,0.06224673681173924,62.0
0.08298873662705393,0.06241477001384201,62.0
0.08308362142334191,0.06257145330148635,62.0
0.08316912173086921,0.06271656360748595,62.0
0.08324505666512017,0.06284987786465465,62.0
0.08331124534157908,0.0629711730058062,62.0
0.08336750687573032,0.0630802259637544,62.0
0.08341366038305817,0.06317681367131299,62.0
0.08344952497904701,0.06326071306129581,62.0
0.08347491977918112,0.06333170106651657,62.0
0.08348966389894487,0.06338955461978914,62.0
0.08349363099243459,0.06343411791107374,62.0
0.08348691286819471,0.06346550415891686,62.0
0.08346965587338169,0.06348389383901137,62.0
0.083442006355152,0.06348946742705035,62.0
0.0834041106606621,0.06348240539872664,62.0
0.08335611513706843,0.06346288822973324,62.0
0.08329816613152745,0.06343109639576311,62.0
0.08323040999119564,0.06338721037250919,62.0
0.08315299306322943,0.06333141063566446,62.0
0.08306606169478532,0.06326387766092184,62.0
0.08296976223301969,0.06318479192397428,62.0
0.0828642410250891,0.06309433390051478,62.0
0.0827496444181499,0.06299268406623623,62.0
0.08262611875935864,0.06288002289683164,62.0
0.0824938103958717,0.06275653086799392,62.0
0.08235286567484564,0.06262238845541608,62.0
0.08220343094343681,0.06247777613479099,62.0
0.08204565254880174,0.06232287438181169,62.0
0.08187967683809681,0.06215786367217107,62.0
0.08170565015847858,0.061982924481562125,62.0
0.08152371885710341,0.06179823728567778,62.0
0.08133402928112789,0.061603982560211046,62.0
0.08113672777770832,0.061400340780854774,62.0
0.08093196069400127,0.06118749242330202,62.0
0.08071987437716309,0.06096561796324565,62.0
0.08050061517435039,0.060734897876378716,62.0
0.08027432943271949,0.06049551263839407,62.0
0.08004116349942696,0.060247642724984764,62.0
0.0798012637216291,0.05999146861184364,62.0
0.07955477644648257,0.05972717077466377,62.0
0.07930184802114364,0.05945492968913799,62.0
0.07904262479276893,0.05917492583095938,62.0
0.07877725310851477,0.05888733967582079,62.0
0.07850587931553771,0.05859235169941524,62.0
0.07822864976099408,0.0582901423774356,62.0
0.07794571079204053,0.05798089218557495,62.0
0.07765720875583336,0.057664781599526115,62.0
0.07736328999952913,0.05734199109498217,62.0
0.07706410087028416,0.05701270114763593,62.0
0.0767597877152551,0.056677092233180494,62.0
0.0764504968815982,0.05633534482730868,62.0
0.07613637471647011,0.055987639405713586,62.0
0.07581756756702712,0.055634156444088013,62.0
0.07549422178042585,0.05527507641812505,62.0
0.0751664837038226,0.05491057980351753,62.0
0.07483449968437399,0.05454084707595855,62.0
0.07449841606923628,0.05416605871114087,62.0
0.07415837920556614,0.05378639518475766,62.0
0.07381453544051986,0.05340203697250169,62.0
0.07346703112125401,0.053013164550066064,62.0
0.0731160300672946,0.052619979940162556,62.0
0.07276176598764635,0.05222277135357915,62.0
0.07240449006368332,0.05182184854812241,62.0
0.07204445347678,0.05141752128159933,62.0
0.07168190740831046,0.0510100993118165,62.0
0.07131710303964905,0.05059989239658087,62.0
0.0709502915521699,0.05018721029369903,62.0
0.07058172412724742,0.04977236276097794,62.0
0.07021165194625571,0.04935565955622422,62.0
0.06984032619056915,0.048937410437244803,62.0
0.06946799804156185,0.04851792516184629,62.0
0.06909491868060824,0.04809751348783565,62.0
0.06872133928908236,0.04767648517301946,62.0
0.06834751104835866,0.0472551499752047,62.0
0.06797368513981118,0.046833817652197934,62.0
0.0676001127448144,0.04641279796180617,62.0
0.06722704504474235,0.04599240066183596,62.0
0.06685473322096945,0.04557293551009426,62.0
0.06648342845486983,0.045154712264387706,62.0
0.06611338192781785,0.044738040682523225,62.0
0.06574484482118761,0.044323230522307425,62.0
0.06537806831635354,0.04391059154154725,62.0
0.06501330359468971,0.043500433498049315,62.0
0.06465080183757056,0.04309306614962058,62.0
0.06429081422637013,0.04268879925406762,62.0
0.06393359194246287,0.0422879425691974,62.0
0.06357938616722283,0.041890805852816515,62.0
0.06322844808202448,0.04149769886273195,62.0
0.06288102886824185,0.041108931356750256,62.0
0.06253737970724936,0.04072481309267842,62.0
0.06219775178042112,0.04034565382832304,62.0
0.06186239626913154,0.039971763321491056,62.0
0.061531564354754695,0.03960345132998908,62.0
0.061205507218665,0.03924102761162406,62.0
0.060884476042236534,0.0388848019242026,62.0
0.06056872200684373,0.03853508402553166,62.0
0.06025849629386065,0.038192183673417826,62.0
0.05995405008466171,0.037856410625668045,62.0
0.05965563456062103,0.03752807464008895,62.0
0.05936350090311297,0.03720748547448747,62.0
0.05907790029351167,0.03689495288667022,62.0
0.05879908391319148,0.036590786634444136,62.0
0.058527302943526566,0.03629529647561584,62.0
0.05826280856589125,0.03600879216799224,62.0
0.05800585196165969,0.03573158346938002,62.0
0.05775668431220625,0.035463980137586025,62.0
0.05751555679890506,0.03520629193041695,62.0
0.05728272060313049,0.0349588286056797,62.0
0.057058426906256676,0.03472189992118091,62.0
0.056842926889657974,0.03449581563472748,62.0
0.05663642700106787,0.03428083033843943,62.0
0.05643895475365747,0.034076977961690444,62.0
0.05625049292695709,0.033884237268167354,62.0
0.05607102430049716,0.033702587021557213,62.0
0.055900531653807914,0.03353200598554681,62.0
0.05573899776641985,0.0333724729238232,62.0
0.055586405417863236,0.03322396660007323,62.0
0.05544273738766851,0.033086465777983895,62.0
0.05530797645536597,0.03295994922124207,62.0
0.055182105400486056,0.03284439569353476,62.0
0.055065107002559024,0.03273978395854881,62.0
0.05495696404111536,0.032646092779971235,62.0
0.054857659295685327,0.03256330092148891,62.0
0.05476717554579935,0.0324913871467888,62.0
0.054685495570987765,0.03243033021955782,62.0
0.054612602150780974,0.03238010890348292,62.0
0.054548478064709284,0.032340701962251014,62.0
0.05449310609230309,0.03231208815954902,62.0
0.05444646901309274,0.03229424625906392,62.0
0.05440854960660864,0.03228715502448261,62.0
0.05437933065238108,0.03229079321949203,62.0
0.054358794929940515,0.032305139607779115,62.0
0.054346925218817246,0.032330172953030804,62.0
0.05434370429854164,0.032365872018934004,62.0
0.05434911494864408,0.03241221556917567,62.0
0.05436313994865494,0.032469182367442735,62.0
0.05438576207810456,0.03253675117742214,62.0
0.05441696411652328,0.03261490076280077,62.0
0.05445672884344151,0.032703609887265624,62.0
0.05450503903838961,0.032802857314503574,62.0
0.05456187748089794,0.03291262180820159,62.0
0.05462722695049685,0.03303288213204661,62.0
0.05470107022671669,0.03316361704972553,62.0
0.05478339008908787,0.03330480532492533,62.0
0.0548741693171407,0.03345642572133288,62.0
0.0549733906904056,0.033618457002635195,62.0
0.055081036988412886,0.033790877932519114,62.0
0.055197090990692955,0.03397366727467166,62.0
0.05532153547677615,0.034166803792779685,62.0
0.055454353226192875,0.034370266250530204,62.0
0.0555955270184734,0.03458403341161005,62.0
0.05574503963314819,0.034808084039706255,62.0
0.05590287384974755,0.035042396898505676,62.0
0.0560690124478019,0.03528695075169532,62.0
0.05624343820684152,0.03554172436296202,62.0
0.056426133906396864,0.03580669649599282,62.0
0.0566170823259982,0.03608184591447453,62.0
0.056816266245176,0.03636715138209423,62.0
0.05702366844346052,0.0366625916625387,62.0
0.05723927170038223,0.03696814551949501,62.0
0.05746301478287044,0.03728373744012821,62.0
0.057694660407450846,0.03760907480551659,62.0
0.057933927278047984,0.037943810720216437,62.0
0.05818053409858664,0.038287598288784315,62.0
0.058434199572991334,0.03864009061577646,62.0
0.05869464240518681,0.03900094080574946,62.0
0.058961581299097614,0.03936980196325955,62.0
0.059234734958648526,0.039746327192863334,62.0
0.059513822087764054,0.040130169599117034,62.0
0.059798561390369015,0.04052098228657726,62.0
0.060088671570387844,0.040918418359800215,62.0
0.06038387133174538,0.041322130923342505,62.0
0.06068387937836613,0.04173177308176036,62.0
0.06098841441417489,0.0421469979396104,62.0
0.06129719514309614,0.04256745860144881,62.0
0.06160994026905469,0.04299280817183223,62.0
0.06192636849597505,0.04342269975531686,62.0
0.062246198527781973,0.0438567864564593,62.0
0.06256914906840001,0.04429472137981579,62.0
0.06289493882175393,0.044736157629942916,62.0
0.06322328649176823,0.04518074831139692,62.0
0.06355391078236773,0.045628146528734384,62.0
0.06388653039747692,0.04607800538651155,62.0
0.06422086404102059,0.046529977989285,62.0
0.06455663041692324,0.04698371744161097,62.0
0.06489354822910966,0.04743887684804606,62.0
0.06523133618150438,0.0478951093131465,62.0
0.06556971297803213,0.048352067941468874,62.0
0.06590839732261748,0.04880940583756942,62.0
0.06624710791918521,0.04926677610600474,62.0
0.06658556347165982,0.04972383185133105,62.0
0.06692348268396608,0.050180226178104956,62.0
0.06726058426002851,0.05063561219088268,62.0
0.0675965869037719,0.05108964299422082,62.0
0.06793120931912075,0.0515419716926756,62.0
0.06826417020999988,0.05199225139080365,62.0
0.06859518828033376,0.05244013519316116,62.0
0.0689239822340472,0.05288527620430475,62.0
0.0692502707750647,0.05332732752879062,62.0
0.06957377260731104,0.0537659422711754,62.0
0.06989420643471074,0.054200773536015275,62.0
0.0702112909611886,0.0546314744278669,62.0
0.0705247448906691,0.05505769805128647,62.0
0.07083428692707704,0.05547909751083058,62.0
0.07113963577433693,0.05589532591105547,62.0
0.07144051013637356,0.05630603635651772,62.0
0.07173662871711142,0.05671088195177357,62.0
0.07202771022047534,0.05710951580137962,62.0
0.0723134733503898,0.0575015910098921,62.0
0.07259363681077957,0.0578867606818676,62.0
0.07286795951293157,0.05826472750576574,62.0
0.0731363611975824,0.058635392505660064,62.0
0.07339880181283076,0.05899870628952715,62.0
0.07365524130677564,0.05935461946534391,62.0
0.07390563962751578,0.05970308264108694,62.0
0.07414995672315017,0.06004404642473317,62.0
0.0743881525417775,0.06037746142425916,62.0
0.0746201870314968,0.06070327824764185,62.0
0.07484602014040671,0.061021447502857824,62.0
0.07506561181660627,0.06133191979788398,62.0
0.07527892200819422,0.061634645740696936,62.0
0.07548591066326948,0.06192957593927356,62.0
0.07568653772993085,0.06221666100159051,62.0
0.07588076315627722,0.06249585153562463,62.0
0.07606854689040737,0.06276709814935255,62.0
0.07624984888042027,0.0630303514507512,62.0
0.07642462907441465,0.06328556204779713,62.0
0.07659284742048948,0.06353268054846727,62.0
0.07675446386674352,0.06377165756073824,62.0
0.07690943836127566,0.0640024436925869,62.0
0.07705773085218472,0.06422498955198988,62.0
0.07719930128756962,0.06443924574692406,62.0
0.07733410961552914,0.06464516288536609,62.0
0.07746211578416216,0.0648426915752928,62.0
0.07758327974156752,0.06503178242468084,62.0
0.07769756143584414,0.06521238604150711,62.0
0.07780492081509074,0.06538445303374824,62.0
0.0779053178274063,0.06554793400938104,62.0
0.0779987124208896,0.06570277957638224,62.0
0.07808506454363953,0.06584894034272862,62.0
0.0781643341437549,0.06598636691639687,62.0
0.0782364811693346,0.06611500990536381,62.0
0.07830146556847746,0.06623481991760614,62.0
0.07835924728928233,0.06634574756110068,62.0
0.07840978627984807,0.06644774344382409,62.0
0.07845304248827355,0.06654075817375323,62.0
0.07848897586265759,0.06662474235886473,62.0
0.07851754635109905,0.06669964660713544,62.0
0.0785387139016968,0.06676542152654209,62.0
0.07855243846254968,0.06682201772506141,62.0
0.07855867998175653,0.06686938581067016,62.0
0.07855739840741621,0.0669074763913451,62.0
0.07854855368762759,0.06693624007506298,62.0
0.07853210577048951,0.06695562746980056,62.0
0.07850801460410081,0.06696558918353457,62.0
0.07847624013656035,0.06696607582424179,62.0
0.07843674231596695,0.06695703799989891,62.0
0.07838948109041952,0.06693842631848276,62.0
0.0783344164080169,0.0669101913879701,62.0
0.07827150821685791,0.06687228381633759,62.0
0.07820071646504144,0.06682465421156208,62.0
0.07812200110066629,0.06676725318162023,62.0
0.07803532207183136,0.06670003133448889,62.0
0.07794063932663547,0.06662293927814472,62.0
0.07783791281317752,0.06653592762056455,62.0
0.07772710247955628,0.06643894696972508,62.0
0.07760816827387068,0.06633194793360307,62.0
0.07748107014421955,0.06621488112017532,62.0
0.0773457680387017,0.06608769713741851,62.0
0.07720222190541605,0.06595034659330945,62.0
0.07705039169246138,0.06580278009582484,62.0
0.07689023734793662,0.06564494825294151,62.0
0.07672171881994054,0.0654768016726361,62.0
0.07654479605657206,0.06529829096288547,62.0
0.07635942900592999,0.06510936673166631,62.0
0.07616557761611323,0.06490997958695541,62.0
0.07596320183522054,0.06470008013672948,62.0
0.07575226161135089,0.06447961898896533,62.0
0.075532716892603,0.06424854675163963,62.0
0.07530452762707586,0.06400681403272923,62.0
0.07506765376286818,0.06375437144021076,62.0
0.07482205524807899,0.06349116958206114,62.0
0.07456769203080695,0.06321715906625694,62.0
0.07430452405915106,0.06293229050077508,62.0
0.07403251128121005,0.06263651449359214,62.0
0.0737516136450829,0.062329781652685046,62.0
0.07346179109886833,0.06201204258603041,62.0
0.07316300359066533,0.06168324790160508,62.0
0.0728552110685726,0.061343348207385726,62.0
0.07253837348068914,0.060992294111349224,62.0
0.07221245077511367,0.06063003622147214,62.0
0.07187740289994517,0.06025652514573143,62.0
0.07153318980328235,0.059871711492103664,62.0
0.07117977143322424,0.059475545868565766,62.0
0.07081710773786946,0.05906797888309431,62.0
0.07044515866531711,0.058648961143666245,62.0
0.07006388416366585,0.05821844325825812,62.0
0.06967324418101467,0.05777637583484688,62.0
0.06927319866546228,0.05732270948140908,62.0
0.06886370756510769,0.05685739480592168,62.0
0.06844473082804958,0.05638038241636122,62.0
0.068016228402387,0.05589162292070467,62.0
0.06757816023621858,0.055391066926928564,62.0
0.06713048627764338,0.05487866504300986,62.0
0.06667316647476007,0.054354367876925117,62.0
0.0662061607756677,0.053818126036651294,62.0
0.0657294291284649,0.05326989013016492,62.0
0.06524293148125074,0.05270961076544297,62.0
0.06474662778212385,0.05213723855046197,62.0
0.06424047797918332,0.051552724093198915,62.0
